[{
    "id": 1,
    "label": "00:00 AM",
    "value": 0
},
{
    "id": 2,
    "label": "00:30 AM",
    "value": 1
},
{
    "id": 3,
    "label": "01:00 AM",
    "value": 2
},
{
    "id": 4,
    "label": "01:30 AM",
    "value": 3
},
{
    "id": 5,
    "label": "02:00 AM",
    "value": 4
},
{
    "id": 6,
    "label": "02:30 AM",
    "value": 5
},
{
    "id": 7,
    "label": "03:00 AM",
    "value": 6
},
{
    "id": 8,
    "label": "03:30 AM",
    "value": 7
},
{
    "id": 9,
    "label": "04:00 AM",
    "value": 8
},
{
    "id": 10,
    "label": "04:30 AM",
    "value": 9
},
{
    "id": 11,
    "label": "05:00 AM",
    "value": 10
},
{
    "id": 12,
    "label": "05:30 AM",
    "value": 11
},
{
    "id": 13,
    "label": "06:00 AM",
    "value": 12
},
{
    "id": 14,
    "label": "06:30 AM",
    "value": 13
},
{
    "id": 15,
    "label": "07:00 AM",
    "value": 14
},
{
    "id": 16,
    "label": "07:30 AM",
    "value": 15
},
{
    "id": 17,
    "label": "08:00 AM",
    "value": 16
},
{
    "id": 18,
    "label": "08:30 AM",
    "value": 17
},
{
    "id": 19,
    "label": "09:00 AM",
    "value": 18
},
{
    "id": 20,
    "label": "09:30 AM",
    "value": 19
},
{
    "id": 21,
    "label": "10:00 AM",
    "value": 20
},
{
    "id": 22,
    "label": "10:30 AM",
    "value": 21
},
{
    "id": 23,
    "label": "11:00 AM",
    "value": 22
},
{
    "id": 24,
    "label": "11:30 AM",
    "value": 23
},
{
    "id": 25,
    "label": "12:00 PM",
    "value": 24
},
{
    "id": 26,
    "label": "12:30 PM",
    "value": 25
},
{
    "id": 27,
    "label": "01:00 PM",
    "value": 26
},
{
    "id": 28,
    "label": "01:30 PM",
    "value": 27
},
{
    "id": 29,
    "label": "02:00 PM",
    "value": 28
},
{
    "id": 30,
    "label": "02:30 PM",
    "value": 29
},
{
    "id": 31,
    "label": "03:00 PM",
    "value": 30
},
{
    "id": 32,
    "label": "03:30 PM",
    "value": 31
},
{
    "id": 33,
    "label": "04:00 PM",
    "value": 32
},
{
    "id": 34,
    "label": "04:30 PM",
    "value": 33
},
{
    "id": 35,
    "label": "05:00 PM",
    "value": 34
},
{
    "id": 36,
    "label": "05:30 PM",
    "value": 35
},
{
    "id": 37,
    "label": "06:00 PM",
    "value": 36
},
{
    "id": 38,
    "label": "06:30 PM",
    "value": 37
},
{
    "id": 39,
    "label": "07:00 PM",
    "value": 38
},
{
    "id": 40,
    "label": "07:30 PM",
    "value": 39
},
{
    "id": 41,
    "label": "08:00 PM",
    "value": 40
},
{
    "id": 42,
    "label": "08:30 PM",
    "value": 41
},
{
    "id": 43,
    "label": "09:00 PM",
    "value": 42
},
{
    "id": 44,
    "label": "09:30 PM",
    "value": 43
},
{
    "id": 45,
    "label": "10:00 PM",
    "value": 44
},
{
    "id": 46,
    "label": "10:30 PM",
    "value": 45
},
{
    "id": 47,
    "label": "11:00 PM",
    "value": 46
},
{
    "id": 48,
    "label": "11:30 PM",
    "value": 47
}
]
